sample_index,true_index,true_class,predicted_index,predicted_class,confidence,correct,heatmap_height,heatmap_width,heatmap_min,heatmap_max,heatmap_mean
0,7,No-Anomaly,7,No-Anomaly,0.5119456052780151,True,40,24,0.0,0.0,0.0
1,7,No-Anomaly,0,Cell,0.28212910890579224,False,40,24,0.0,0.9610005021095276,0.25949397683143616
2,0,Cell,0,Cell,0.2600551247596741,True,40,24,0.0,0.9525850415229797,0.2079954743385315
3,0,Cell,7,No-Anomaly,0.755885660648346,False,40,24,0.0,0.7827857732772827,0.019281646236777306
4,7,No-Anomaly,7,No-Anomaly,0.5782079100608826,True,40,24,0.0,0.0,0.0
5,7,No-Anomaly,8,Offline-Module,0.44216904044151306,False,40,24,0.0,0.8884897828102112,0.059034738689661026
6,7,No-Anomaly,7,No-Anomaly,0.2575928866863251,True,40,24,0.0,0.0,0.0
7,7,No-Anomaly,7,No-Anomaly,0.42408838868141174,True,40,24,0.0,0.0,0.0
8,7,No-Anomaly,7,No-Anomaly,0.6288040280342102,True,40,24,0.0,0.0,0.0
9,7,No-Anomaly,7,No-Anomaly,0.5505574941635132,True,40,24,0.0,0.0,0.0
10,5,Hot-Spot,5,Hot-Spot,0.21325664222240448,True,40,24,0.0,0.765625,0.01666666753590107
11,5,Hot-Spot,5,Hot-Spot,0.669623613357544,True,40,24,0.0,0.914526104927063,0.13176631927490234
