module_name,Fecha,Front GPOA (W/m²),y_true,y_pred,residual,abs_residual
JaSolar3,2025-07-24 14:15:00,416.0,1.1611522597460318,0.3972413997755936,0.7639108599704381,0.7639108599704381
Atersa,2025-07-24 14:15:00,416.0,1.0798540055757575,0.3752397349820459,0.7046142705937117,0.7046142705937117
NingboSolar,2025-07-24 14:15:00,416.0,1.07169554688,0.3756319164070961,0.696063630472904,0.696063630472904
JaSolar3,2025-07-24 14:00:00,1023.0,0.2044998999999999,0.8929164139338197,-0.6884165139338198,0.6884165139338198
Atersa,2025-06-30 14:10:00,943.0,0.0772651515151515,0.7616536478521159,-0.6843884963369644,0.6843884963369644
JaSolar3,2025-07-18 14:15:00,1116.0,0.3290790060380952,0.9746430859794794,-0.6455640799413842,0.6455640799413842
JaSolar3,2025-07-23 15:45:00,377.0,1.012102062857143,0.381820828885208,0.630281233971935,0.630281233971935
Atersa,2025-06-20 14:40:00,918.0,0.1235602272727272,0.74128174707711,-0.6177215198043827,0.6177215198043827
Atersa,2025-06-25 16:20:00,789.0,0.0688181818181818,0.6749073122306516,-0.6060891304124698,0.6060891304124698
TrinaSolar,2025-06-25 16:20:00,789.0,0.0283601351351351,0.6300577538143732,-0.6016976186792381,0.6016976186792381
NingboSolar,2025-07-18 14:15:00,1116.0,0.2945469328,0.8960922539657677,-0.6015453211657678,0.6015453211657678
TrinaSolar,2025-07-19 13:50:00,798.0,0.0239472972972972,0.6234610722374818,-0.5995137749401845,0.5995137749401845
Atersa,2025-07-19 13:50:00,798.0,0.0867892045454545,0.6698451586566897,-0.5830559541112351,0.5830559541112351
Atersa,2025-07-23 15:45:00,377.0,0.9469457218181818,0.3640937896674378,0.5828519321507439,0.5828519321507439
TrinaSolar,2025-07-16 11:40:00,742.0,0.0277743243243243,0.5929926868285273,-0.565218362504203,0.565218362504203
NingboSolar,2025-07-24 13:15:00,481.0,0.9872478006857144,0.4289911048793685,0.5582566958063457,0.5582566958063457
JaSolar3,2025-07-29 13:30:00,358.5,0.9034219142603176,0.3458532256207642,0.5575686886395532,0.5575686886395532
TrinaSolar,2025-06-20 14:40:00,918.0,0.1236986486486486,0.6796836634240023,-0.5559850147753537,0.5559850147753537
Atersa,2025-07-18 14:15:00,1116.0,0.3459688154090909,0.8969372456983218,-0.5509684302892308,0.5509684302892308
TrinaSolar,2025-07-29 17:20:00,815.0,0.089691554054054,0.62953497605407,-0.539843422000016,0.539843422000016
TrinaSolar,2025-07-24 14:15:00,416.0,0.8945363147243244,0.3548389350219414,0.539697379702383,0.539697379702383
JaSolar3,2025-07-26 12:15:00,959.0,0.2999211957333333,0.8390374600699083,-0.539116264336575,0.539116264336575
NingboSolar,2025-07-26 12:15:00,959.0,0.2392245416685714,0.7739587534052863,-0.5347342117367149,0.5347342117367149
Atersa,2025-07-29 17:20:00,815.0,0.1490367424242424,0.6737167914062675,-0.5246800489820251,0.5246800489820251
JaSolar3,2025-07-26 14:45:00,1136.0,0.4472386782317459,0.9697966614866312,-0.5225579832548852,0.5225579832548852
Atersa,2025-07-21 13:00:00,657.5,1.0847332242424244,0.5728185696173027,0.5119146546251216,0.5119146546251216
TrinaSolar,2025-07-19 15:10:00,1000.0,0.2419864864864865,0.7491787833201902,-0.5071922968337037,0.5071922968337037
Atersa,2025-07-16 11:40:00,742.0,0.1351119318181818,0.6386975081172862,-0.5035855762991044,0.5035855762991044
Atersa,2025-07-24 13:50:00,941.0,0.2820066287878787,0.779511018953079,-0.4975043901652002,0.4975043901652002
TrinaSolar,2025-07-23 15:45:00,377.0,0.8405518894486486,0.3457055843954194,0.4948463050532292,0.4948463050532292
NingboSolar,2025-07-26 14:45:00,1136.0,0.4098009343999999,0.8931839551096111,-0.4833830207096112,0.4833830207096112
NingboSolar,2025-07-29 13:30:00,358.5,0.8026468820571429,0.3262893854670126,0.4763574965901302,0.4763574965901302
TrinaSolar,2025-07-24 13:50:00,941.0,0.2511331081081081,0.7273714513682321,-0.476238343260124,0.476238343260124
NingboSolar,2025-07-08 11:15:00,298.0,0.7391491087714285,0.2666258664278845,0.4725232423435439,0.4725232423435439
JaSolar3,2025-07-18 13:30:00,971.0,0.3784878373333333,0.8476356726143595,-0.4691478352810261,0.4691478352810261
NingboSolar,2025-07-18 13:30:00,971.0,0.3099765246171428,0.7787143603780384,-0.4687378357608955,0.4687378357608955
Atersa,2025-07-26 14:45:00,1136.0,0.4290665929090909,0.8940289468421652,-0.4649623539330742,0.4649623539330742
JaSolar3,2025-07-19 13:00:00,916.0,0.3538992634666666,0.8188355160427915,-0.4649362525761248,0.4649362525761248
NingboSolar,2025-07-21 11:00:00,297.0,0.7360019688,0.2714905301047733,0.4645114386952267,0.4645114386952267
Atersa,2025-07-21 11:00:00,297.0,0.7325619028606061,0.2739533656976776,0.4586085371629284,0.4586085371629284
Atersa,2025-07-01 15:10:00,903.0,0.3002897727272727,0.7480743024480079,-0.4477845297207352,0.4477845297207352
JaSolar3,2025-06-30 14:10:00,943.0,0.3734357142857142,0.8193207933187736,-0.4458850790330593,0.4458850790330593
NingboSolar,2025-07-24 14:00:00,1023.0,0.38573958904,0.831517012897929,-0.445777423857929,0.445777423857929
JaSolar3,2025-07-27 15:30:00,630.0,1.0424064857142858,0.5980617452603774,0.4443447404539085,0.4443447404539085
NingboSolar,2025-07-28 16:30:00,961.0,0.3360657429257143,0.7800805659509462,-0.4440148230252319,0.4440148230252319
Photowatt,2025-07-24 14:15:00,416.0,0.7178036017290323,0.2765525909888934,0.4412510107401389,0.4412510107401389
NingboSolar,2025-07-08 12:15:00,855.0,0.2769230217142857,0.717455200448902,-0.4405321787346162,0.4405321787346162
Atersa,2025-07-19 13:00:00,916.0,0.3223596089727272,0.7571025966543292,-0.4347429876816019,0.4347429876816019
TrinaSolar,2025-07-26 14:45:00,1136.0,0.400948996908108,0.8304490544482177,-0.4295000575401096,0.4295000575401096
JaSolar3,2025-07-28 16:30:00,961.0,0.4100306180825397,0.8393346304179831,-0.4293040123354433,0.4293040123354433
JaSolar3,2025-07-24 13:00:00,535.5,0.9300464528063492,0.5043852809280417,0.4256611718783075,0.4256611718783075
NingboSolar,2025-07-19 13:00:00,916.0,0.3317421428571429,0.7562576049217752,-0.4245154620646323,0.4245154620646323
Atersa,2025-07-21 13:20:00,1016.0,0.4087492424242425,0.8272878874607332,-0.4185386450364907,0.4185386450364907
Atersa,2025-07-12 17:00:00,383.5,0.767052437818182,0.3512386206573312,0.4158138171608508,0.4158138171608508
JaSolar3,2025-07-08 12:15:00,855.0,0.3611251873587301,0.775944172847003,-0.4148189854882728,0.4148189854882728
TrinaSolar,2025-07-21 13:20:00,1016.0,0.3463358108108108,0.7611422826720078,-0.4148064718611969,0.4148064718611969
NingboSolar,2025-07-26 13:15:00,631.0,0.9598253953714286,0.5499744114516499,0.4098509839197787,0.4098509839197787
Atersa,2025-07-18 13:30:00,971.0,0.3715218818666667,0.7795593521105925,-0.4080374702439258,0.4080374702439258
Photowatt,2025-07-18 14:15:00,1116.0,0.2106976387096774,0.6172083147216701,-0.4065106760119927,0.4065106760119927
TrinaSolar,2025-07-19 13:00:00,916.0,0.297084874572973,0.7029812784654792,-0.4058964038925062,0.4058964038925062
Atersa,2025-07-08 12:15:00,855.0,0.3134554690909091,0.718300192181456,-0.4048447230905469,0.4048447230905469
NingboSolar,2025-06-24 11:45:00,264.0,0.6515475199999999,0.2499152430061577,0.4016322769938422,0.4016322769938422
JaSolar3,2025-07-21 10:45:00,357.0,0.7364067643809523,0.339279003822195,0.3971277605587573,0.3971277605587573
JaSolar3,2025-07-24 15:00:00,765.5,0.3235984277174603,0.710658866154842,-0.3870604384373816,0.3870604384373816
TrinaSolar,2025-07-08 12:15:00,855.0,0.2814816993027027,0.6667720770942731,-0.3852903777915704,0.3852903777915704
TrinaSolar,2025-07-21 13:00:00,657.5,0.919725535362162,0.5381833057132028,0.3815422296489592,0.3815422296489592
Atersa,2025-07-24 13:00:00,535.5,0.8504887062303031,0.4725006864317249,0.3779880197985782,0.3779880197985782
Atersa,2025-07-10 16:10:00,839.0,0.3138227272727272,0.6890211547917556,-0.3751984275190284,0.3751984275190284
Photowatt,2025-07-29 13:30:00,358.5,0.5986271955161291,0.2293472591480595,0.3692799363680695,0.3692799363680695
NingboSolar,2025-07-24 15:00:00,765.5,0.2995556272285714,0.660062578664864,-0.3605069514362925,0.3605069514362925
TrinaSolar,2025-07-18 13:30:00,971.0,0.3620999692972972,0.7215005919781168,-0.3594006226808195,0.3594006226808195
Atersa,2025-07-23 14:10:00,969.0,0.4280619318181818,0.7874407097198178,-0.359378777901636,0.359378777901636
Photowatt,2025-07-23 15:45:00,377.0,0.6271845486451613,0.2679345731298568,0.3592499755153044,0.3592499755153044
NingboSolar,2025-07-04 11:45:00,299.0,0.6247774597371428,0.2671158915884243,0.3576615681487185,0.3576615681487185
NingboSolar,2025-07-21 10:45:00,357.0,0.6754806936228571,0.3188115167445768,0.3566691768782802,0.3566691768782802
JaSolar3,2025-06-25 13:30:00,616.0,0.1890185158984127,0.5451390270087993,-0.3561205111103867,0.3561205111103867
TrinaSolar,2025-07-28 15:20:00,439.0,0.0,0.3560505130402482,-0.3560505130402482,0.3560505130402482
Atersa,2025-07-24 15:00:00,765.5,0.3023662007272727,0.6529747163618236,-0.3506085156345508,0.3506085156345508
NingboSolar,2025-07-21 12:45:00,435.0,0.7264409133428571,0.3764305844181226,0.3500103289247344,0.3500103289247344
JaSolar3,2025-06-25 16:20:00,789.0,0.3848952380952381,0.7311632121100091,-0.346267974014771,0.346267974014771
NingboSolar,2025-07-23 15:45:00,377.0,0.7075183199542857,0.3640937896674378,0.3434245302868479,0.3434245302868479
TrinaSolar,2025-07-23 13:20:00,507.0,0.0649983108108108,0.4024275100810719,-0.3374291992702611,0.3374291992702611
Atersa,2025-07-28 15:20:00,439.0,0.0320625,0.3694055262101988,-0.3373430262101988,0.3373430262101988
NingboSolar,2025-06-25 13:30:00,616.0,0.1638455618571428,0.4991600406201202,-0.3353144787629774,0.3353144787629774
JaSolar3,2025-07-22 17:15:00,303.0,0.6268198783111111,0.2916102394996556,0.3352096388114555,0.3352096388114555
Atersa,2025-06-27 10:20:00,477.0,0.0889734848484848,0.4228147468129793,-0.3338412619644945,0.3338412619644945
Photowatt,2025-07-26 14:45:00,1136.0,0.2876863676129032,0.620566356010913,-0.3328799883980098,0.3328799883980098
JaSolar3,2025-07-25 16:30:00,724.0,0.3448121206349206,0.6754929472955985,-0.3306808266606778,0.3306808266606778
TrinaSolar,2025-07-24 15:00:00,765.5,0.2847264657297297,0.6152130202485856,-0.3304865545188559,0.3304865545188559
TrinaSolar,2025-07-28 15:40:00,399.0,0.0095168918918918,0.3367257838372814,-0.3272088919453895,0.3272088919453895
Atersa,2025-07-10 10:15:00,468.0,0.0649319043142424,0.3920831536165757,-0.3271512493023333,0.3271512493023333
Atersa,2025-07-08 17:20:00,796.0,0.3428630681818181,0.6691471531140011,-0.3262840849321829,0.3262840849321829
Atersa,2025-07-16 10:15:00,460.0,0.0584951597090909,0.3843871989974184,-0.3258920392883275,0.3258920392883275
Atersa,2025-06-25 13:30:00,616.0,0.1752202609,0.5002846872082712,-0.3250644263082712,0.3250644263082712
JaSolar3,2025-07-23 15:00:00,465.5,0.7774087098412699,0.4528786552985477,0.3245300545427221,0.3245300545427221
Atersa,2025-07-22 17:15:00,303.0,0.6028025717,0.2785166704404652,0.3242859012595347,0.3242859012595347
Atersa,2025-06-29 10:20:00,482.0,0.0924545454545454,0.4155618375967118,-0.3231072921421663,0.3231072921421663
Atersa,2025-07-28 15:40:00,399.0,0.0329318181818181,0.3552759595359644,-0.3223441413541463,0.3223441413541463
JaSolar3,2025-07-04 12:00:00,672.5,0.3050301371428571,0.6269765015267619,-0.3219463643839047,0.3219463643839047
JaSolar3,2025-07-12 17:00:00,383.5,0.6931146526984127,0.3712233246816915,0.3218913280167211,0.3218913280167211
