epoch,train_loss,validation_loss,validation_macro_f1,validation_accuracy,validation_balanced_accuracy,learning_rate
1.0,2.2399849167818884,2.134559216084065,0.19739118851498058,0.3023023023023023,0.25663463847385753,0.001
2.0,1.9376261936316428,1.85402939002992,0.2756213732265889,0.38104771438104773,0.3874353731424942,0.001
3.0,1.7461045155735135,1.7367784789613299,0.31413998457417136,0.4137470804137471,0.44587377808975054,0.001
4.0,1.654239987495492,1.7811369821553553,0.3166512037356877,0.4427761094427761,0.4198890465405248,0.001
5.0,1.5905693241907843,1.6249326702193654,0.35540396561578397,0.44044044044044045,0.4650973767195046,0.001
6.0,1.5125366261238504,1.556538994804716,0.3615046104273339,0.5281948615281948,0.46592475822591695,0.001
7.0,1.4749882099218135,1.518928099999159,0.4035809637599264,0.5115115115115115,0.5068536462030236,0.001
8.0,1.4223753670544677,1.4780473157012706,0.38932077538378596,0.5362028695362029,0.5249221932355731,0.001
9.0,1.3967708408525836,1.530959703781464,0.3802724801943316,0.5158491825158492,0.5125982054117966,0.001
10.0,1.3648368156999093,1.4410540103355487,0.43615052973517576,0.5392058725392058,0.4974560779924588,0.001
11.0,1.3419906312632792,1.4038034725634703,0.45695486716181893,0.6032699366032699,0.5456672066941832,0.001
12.0,1.3132538623711667,1.486743926962177,0.4118591581117581,0.46980313646980315,0.5058991441945038,0.001
13.0,1.2681043780892831,1.3881052736843034,0.49317387671992385,0.649315982649316,0.5531037427942165,0.001
14.0,1.2712898030152928,1.4009601935808922,0.4573093131780443,0.5318651985318652,0.5368331029331332,0.001
15.0,1.247992665171964,1.3327318141967168,0.4516876135393922,0.5345345345345346,0.5640956257616122,0.001
16.0,1.231698448757501,1.3801892073424131,0.4395996882245661,0.4904904904904905,0.551493667892688,0.0005
17.0,1.1623211029667797,1.2687346380394142,0.4730009623010966,0.6029362696029362,0.5769557016393034,0.0005
18.0,1.1404706258103123,1.2620171086566225,0.47797784091501505,0.5989322655989323,0.5730696362609619,0.0005
