class_name,task18_f1,task18_support,task25_f1,task25_support,f1_delta_task25_minus_task18,support_delta_task25_minus_task18
Cell,0.2868852459016393,282,0.4861878453038674,282,0.1993025994022281,0
Cell-Multi,0.3385579937304075,193,0.3854748603351955,193,0.046916866604788,0
Cracking,0.6254826254826255,140,0.611353711790393,140,-0.014128913692232459,0
Diode,0.7676240208877284,225,0.827433628318584,225,0.059809607430855616,0
Diode-Multi,0.5,27,0.6666666666666666,27,0.16666666666666663,0
Hot-Spot,0.1818181818181818,37,0.2285714285714285,37,0.04675324675324671,0
Hot-Spot-Multi,0.3361344537815126,37,0.261437908496732,37,-0.07469654528478059,0
No-Anomaly,0.7106314948041567,1500,0.8258154059680777,1500,0.11518391116392102,0
Offline-Module,0.334384858044164,123,0.3624595469255663,123,0.0280746888814023,0
Shadowing,0.335593220338983,159,0.4529411764705882,159,0.1173479561316052,0
Soiling,0.3243243243243243,30,0.2407407407407407,30,-0.08358358358358359,0
Vegetation,0.4944444444444444,246,0.5569620253164557,246,0.06251758087201126,0
