model_family,candidate_id,n_estimators,learning_rate,max_depth,min_samples_leaf,mae,rmse,r2,mape_percent,min_child_weight,subsample,colsample_bytree,reg_alpha,reg_lambda
gradient_boosting,5,400,0.03,3,5.0,0.029539148407045728,0.061526348544032605,0.9106094934938045,12.666654377013304,,,,,
gradient_boosting,7,400,0.05,3,5.0,0.02963588715958258,0.06159006361166645,0.9104242567173937,12.322133333233216,,,,,
gradient_boosting,3,200,0.05,3,5.0,0.02994168444454046,0.06174957999471364,0.9099596589717802,12.959633957597871,,,,,
gradient_boosting,6,400,0.05,2,5.0,0.032095405405351767,0.0634802743384673,0.9048416933421397,14.070713588537147,,,,,
gradient_boosting,1,200,0.03,3,5.0,0.032836020508571165,0.06386046333924766,0.9036984569918355,14.523781272898557,,,,,
gradient_boosting,4,400,0.03,2,5.0,0.03363797454769733,0.06491694004057173,0.9004857678677336,15.00004280053815,,,,,
xgboost,0,500,0.03,3,,0.034392062228751116,0.061615284563753085,0.9103508796834404,12.925250846938988,3.0,0.8,0.8,0.0,1.0
xgboost,2,500,0.03,5,,0.03502040266062147,0.06362051526498085,0.9044207805389802,13.380503774272468,3.0,0.8,0.8,0.0,1.0
xgboost,4,500,0.03,6,,0.03507819213229194,0.0634324972842818,0.9049848771185858,13.24716182539573,3.0,0.8,0.8,0.0,1.0
gradient_boosting,2,200,0.05,2,5.0,0.035438984176124906,0.06626768325044373,0.896301448343782,15.916942874823206,,,,,
xgboost,3,500,0.05,5,,0.037637646400938224,0.06581689644329194,0.8977074713638324,14.317622889323307,3.0,0.8,0.8,0.0,1.0
xgboost,5,500,0.05,6,,0.039999846975997094,0.06729693064478892,0.8930552107378733,14.396093969882488,3.0,0.8,0.8,0.0,1.0
gradient_boosting,0,200,0.03,2,5.0,0.040049223685529496,0.07014806965370139,0.8838014886178687,18.4611754025638,,,,,
xgboost,1,500,0.05,3,,0.041110291788377294,0.06671847992764268,0.8948857970906119,14.485773194728873,3.0,0.8,0.8,0.0,1.0
