,,GHI (W/m²),GHI (W/m²),GHI (W/m²),Front GPOA (W/m²),Front GPOA (W/m²),Front GPOA (W/m²),Pmpp (W),Pmpp (W),Pmpp (W),Vmpp(V),Vmpp(V),Vmpp(V),Impp(A),Impp(A),Impp(A),Temp. Mod (°C),Temp. Mod (°C),Temp. Mod (°C),Amb. Temp. (°C),Amb. Temp. (°C),Amb. Temp. (°C),Wind Speed (m/s),Wind Speed (m/s),Wind Speed (m/s)
,,count,mean,median,count,mean,median,count,mean,median,count,mean,median,count,mean,median,count,mean,median,count,mean,median,count,mean,median
module,operating_period,,,,,,,,,,,,,,,,,,,,,,,,
Atersa,daytime,24307,296.183,199.46,24307,324.392,194.0,24307,90.009,51.213,24307,30.382,31.625,24307,2.872,1.562,24307,25.851,22.5,24307,17.946,17.483,24307,0.571,0.375
Atersa,low_light,27614,1.375,0.49,27614,1.03,0.0,27614,0.317,0.15,27614,11.458,17.894,27614,0.013,0.008,27614,11.685,11.5,27614,12.869,12.789,27614,0.512,0.232
JaSolar3,daytime,24307,296.183,199.46,24307,324.392,194.0,24307,93.811,55.674,24307,31.937,31.85,24307,3.0,1.705,24008,25.817,22.75,24307,17.946,17.483,24307,0.571,0.375
JaSolar3,low_light,27614,1.375,0.49,27614,1.03,0.0,27614,0.386,0.228,27614,13.919,23.859,27614,0.014,0.01,27116,11.258,11.25,27614,12.869,12.789,27614,0.512,0.232
NingboSolar,daytime,24307,296.183,199.46,24307,324.392,194.0,24307,48.396,28.836,24307,33.856,33.85,24307,1.464,0.825,24307,26.487,23.0,24307,17.946,17.483,24307,0.571,0.375
NingboSolar,low_light,27614,1.375,0.49,27614,1.03,0.0,27614,0.134,0.057,27614,10.327,14.387,27614,0.006,0.004,27614,11.397,11.5,27614,12.869,12.789,27614,0.512,0.232
Photowatt,daytime,24307,296.183,199.46,24307,324.392,194.0,24307,28.278,14.746,24307,25.247,27.8,24307,0.977,0.512,24307,24.891,22.0,24307,17.946,17.483,24307,0.571,0.375
Photowatt,low_light,27614,1.375,0.49,27614,1.03,0.0,27484,0.047,0.018,27484,4.195,5.709,27484,0.005,0.003,27614,11.417,11.5,27614,12.869,12.789,27614,0.512,0.232
TrinaSolar,daytime,24307,296.183,199.46,24307,324.392,194.0,24307,47.488,28.293,24307,32.827,34.354,24307,1.431,0.793,24307,26.345,22.75,24307,17.946,17.483,24307,0.571,0.375
TrinaSolar,low_light,27614,1.375,0.49,27614,1.03,0.0,27614,0.185,0.094,27614,13.33,21.292,27614,0.007,0.004,27614,11.379,11.5,27614,12.869,12.789,27614,0.512,0.232
