module,feature,pearson,spearman,n
Atersa,GHI (W/m²),0.8989162937626174,0.9429221765861255,24307
Atersa,Front GPOA (W/m²),0.970116213643249,0.9722395822789133,24307
Atersa,Temp. Mod (°C),0.7563217153658488,0.8255914436790488,24307
Atersa,Amb. Temp. (°C),0.4964760214218428,0.536996868995343,24307
Atersa,Wind Speed (m/s),0.19809210103821825,0.2995228407977393,24307
JaSolar3,GHI (W/m²),0.9121804628651826,0.9547216112456369,24307
JaSolar3,Front GPOA (W/m²),0.9807029834019084,0.9833723666749413,24307
JaSolar3,Temp. Mod (°C),0.8336979061490115,0.8447035830621333,24008
JaSolar3,Amb. Temp. (°C),0.4979389351090922,0.5373246951072164,24307
JaSolar3,Wind Speed (m/s),0.1931200606774343,0.2918025039503411,24307
NingboSolar,GHI (W/m²),0.9008326091846091,0.9471621784487063,24307
NingboSolar,Front GPOA (W/m²),0.9766581127221494,0.9816127083253352,24307
NingboSolar,Temp. Mod (°C),0.843497913664439,0.85200368339549,24307
NingboSolar,Amb. Temp. (°C),0.4882679916935723,0.5293578882517613,24307
NingboSolar,Wind Speed (m/s),0.19975921891741077,0.2976090859435847,24307
Photowatt,GHI (W/m²),0.8845912150807529,0.9400930573910674,24307
Photowatt,Front GPOA (W/m²),0.9683997261532576,0.9737869246102948,24307
Photowatt,Temp. Mod (°C),0.8216791372363232,0.8369798878872159,24307
Photowatt,Amb. Temp. (°C),0.48508726950416586,0.5287597198288791,24307
Photowatt,Wind Speed (m/s),0.20542767090171038,0.3049857323444136,24307
TrinaSolar,GHI (W/m²),0.8972589026135335,0.9417224639084204,24307
TrinaSolar,Front GPOA (W/m²),0.9732474458339229,0.975339750715928,24307
TrinaSolar,Temp. Mod (°C),0.8340657104509432,0.8431216992077412,24307
TrinaSolar,Amb. Temp. (°C),0.4850604276994788,0.5240727620353685,24307
TrinaSolar,Wind Speed (m/s),0.20109930152613012,0.2988551623587891,24307
