,,Front GPOA (W/m²),Front GPOA (W/m²),Front GPOA (W/m²),Pmpp (W),Pmpp (W),Pmpp (W)
,,count,mean,median,count,mean,median
module,gpoa_bin,,,,,,
Atersa,20-200,12151,81.338,67.0,12151,22.209,18.133
Atersa,200-400,4249,290.688,285.0,4249,81.719,79.313
Atersa,400-600,2385,506.298,509.0,2385,137.998,147.076
Atersa,600-800,2064,704.606,707.0,2064,198.001,205.245
Atersa,800-1000,2798,887.256,879.0,2798,247.137,247.601
Atersa,1000-1200,453,1062.496,1046.0,453,292.741,295.093
Atersa,1200-1500,26,1252.019,1222.5,26,308.53,335.406
JaSolar3,20-200,12151,81.338,67.0,12151,23.305,19.159
JaSolar3,200-400,4249,290.688,285.0,4249,85.772,83.041
JaSolar3,400-600,2385,506.298,509.0,2385,148.163,153.633
JaSolar3,600-800,2064,704.606,707.0,2064,207.439,210.548
JaSolar3,800-1000,2798,887.256,879.0,2798,252.593,252.731
JaSolar3,1000-1200,453,1062.496,1046.0,453,298.128,299.404
JaSolar3,1200-1500,26,1252.019,1222.5,26,322.441,347.66
NingboSolar,20-200,12151,81.338,67.0,12151,12.033,9.828
NingboSolar,200-400,4249,290.688,285.0,4249,44.661,43.566
NingboSolar,400-600,2385,506.298,509.0,2385,76.116,79.464
NingboSolar,600-800,2064,704.606,707.0,2064,107.788,109.253
NingboSolar,800-1000,2798,887.256,879.0,2798,129.657,129.533
NingboSolar,1000-1200,453,1062.496,1046.0,453,152.283,153.912
NingboSolar,1200-1500,26,1252.019,1222.5,26,161.954,177.775
Photowatt,20-200,12151,81.338,67.0,12151,5.774,4.256
Photowatt,200-400,4249,290.688,285.0,4249,25.364,24.604
Photowatt,400-600,2385,506.298,509.0,2385,45.23,48.251
Photowatt,600-800,2064,704.606,707.0,2064,64.867,67.85
Photowatt,800-1000,2798,887.256,879.0,2798,79.739,79.702
Photowatt,1000-1200,453,1062.496,1046.0,453,92.326,92.706
Photowatt,1200-1500,26,1252.019,1222.5,26,98.879,103.696
TrinaSolar,20-200,12151,81.338,67.0,12151,12.167,10.056
TrinaSolar,200-400,4249,290.688,285.0,4249,44.21,42.828
TrinaSolar,400-600,2385,506.298,509.0,2385,73.617,77.935
TrinaSolar,600-800,2064,704.606,707.0,2064,104.659,107.21
TrinaSolar,800-1000,2798,887.256,879.0,2798,126.757,126.869
TrinaSolar,1000-1200,453,1062.496,1046.0,453,149.4,150.308
TrinaSolar,1200-1500,26,1252.019,1222.5,26,161.808,172.238
