module,month,count,mean,median,std
Atersa,2024-11,220,0.7172,0.7201,0.0933
Atersa,2024-12,79,0.7253,0.726,0.0633
Atersa,2025-01,216,0.7522,0.7551,0.0656
Atersa,2025-02,304,0.7655,0.7677,0.0647
Atersa,2025-03,245,0.806,0.8206,0.0954
Atersa,2025-04,306,0.7916,0.8083,0.0717
Atersa,2025-05,340,0.7588,0.7764,0.0941
Atersa,2025-06,431,0.7295,0.7373,0.0692
Atersa,2025-07,657,0.72,0.7011,0.0687
JaSolar3,2024-11,220,0.7737,0.7683,0.073
JaSolar3,2024-12,79,0.7753,0.7768,0.0679
JaSolar3,2025-01,216,0.8058,0.8058,0.0548
JaSolar3,2025-02,304,0.8229,0.8234,0.0504
JaSolar3,2025-03,245,0.8576,0.8693,0.097
JaSolar3,2025-04,306,0.8439,0.8543,0.0699
JaSolar3,2025-05,340,0.8154,0.8277,0.0935
JaSolar3,2025-06,431,0.7818,0.7892,0.0589
JaSolar3,2025-07,657,0.7693,0.746,0.0629
NingboSolar,2024-11,220,0.7176,0.7151,0.072
NingboSolar,2024-12,79,0.7312,0.7298,0.0623
NingboSolar,2025-01,216,0.7598,0.7571,0.0508
NingboSolar,2025-02,304,0.7645,0.7636,0.0453
NingboSolar,2025-03,245,0.7955,0.8127,0.1075
NingboSolar,2025-04,306,0.7816,0.7934,0.0584
NingboSolar,2025-05,340,0.7459,0.7557,0.0878
NingboSolar,2025-06,431,0.7144,0.7186,0.0425
NingboSolar,2025-07,657,0.7082,0.6882,0.0572
Photowatt,2024-11,220,0.5055,0.5069,0.0515
Photowatt,2024-12,79,0.5153,0.5184,0.0463
Photowatt,2025-01,216,0.5361,0.5372,0.0312
Photowatt,2025-02,304,0.5344,0.5349,0.0297
Photowatt,2025-03,245,0.5597,0.5666,0.0629
Photowatt,2025-04,306,0.542,0.551,0.0406
Photowatt,2025-05,340,0.5153,0.5176,0.0534
Photowatt,2025-06,431,0.49,0.4912,0.0311
Photowatt,2025-07,657,0.4868,0.4765,0.0382
TrinaSolar,2024-11,220,0.6671,0.6638,0.0695
TrinaSolar,2024-12,79,0.6793,0.6774,0.0492
TrinaSolar,2025-01,216,0.7032,0.702,0.0397
TrinaSolar,2025-02,304,0.7076,0.7088,0.048
TrinaSolar,2025-03,245,0.7458,0.755,0.0835
TrinaSolar,2025-04,306,0.7232,0.7344,0.0578
TrinaSolar,2025-05,340,0.6899,0.7003,0.0877
TrinaSolar,2025-06,431,0.6617,0.6646,0.0465
TrinaSolar,2025-07,657,0.6483,0.6327,0.0591
