month,GHI (W/m²),Front GPOA (W/m²),Temp. Mod (°C),Amb. Temp. (°C),Wind Speed (m/s)
2024-11,79.0873,126.6136,14.2957,15.1312,0.5772
2024-12,50.5904,82.6128,11.6642,10.8932,0.4624
2025-01,58.4356,96.8863,12.2264,11.262,0.8055
2025-02,103.8625,145.1585,14.7111,12.1594,0.4601
2025-03,134.7356,155.0284,15.3853,11.985,0.9172
2025-04,114.8226,116.1267,16.6066,14.9832,0.784
2025-05,207.3652,192.0485,20.8671,16.7112,0.3676
2025-06,265.1805,235.228,28.5081,22.6394,0.2339
2025-07,242.8256,225.1839,27.259,21.6619,0.2249
