module,gpoa_threshold,total_rows,retained_rows,retained_pct,target_count,target_mean,target_median,target_std,target_min,target_max
Atersa,20,51921,24221,46.6497,24221,0.2737,0.1561,0.2704,0.0,1.2435
Atersa,100,51921,15829,30.4867,15829,0.398,0.3192,0.2589,0.0,1.2435
Atersa,200,51921,11977,23.0677,11977,0.4851,0.4837,0.2386,0.0,1.2435
Atersa,400,51921,7726,14.8803,7726,0.6158,0.6563,0.1898,0.011,1.2435
Atersa,600,51921,5341,10.2868,5341,0.704,0.7085,0.1359,0.0302,1.1411
JaSolar3,20,51921,24221,46.6497,24221,0.2988,0.1783,0.2883,0.0,1.3059
JaSolar3,100,51921,15829,30.4867,15829,0.4339,0.3633,0.2722,0.0126,1.3059
JaSolar3,200,51921,11977,23.0677,11977,0.5291,0.5333,0.2452,0.0233,1.3059
JaSolar3,400,51921,7726,14.8803,7726,0.6705,0.7033,0.1817,0.0447,1.3059
JaSolar3,600,51921,5341,10.2868,5341,0.7598,0.7586,0.1274,0.0692,1.3059
NingboSolar,20,51921,24221,46.6497,24221,0.2775,0.1662,0.2679,0.0,1.1978
NingboSolar,100,51921,15829,30.4867,15829,0.4035,0.3368,0.2522,0.0,1.1978
NingboSolar,200,51921,11977,23.0677,11977,0.4913,0.4998,0.2277,0.0193,1.1978
NingboSolar,400,51921,7726,14.8803,7726,0.6213,0.6544,0.1715,0.0389,1.1978
NingboSolar,600,51921,5341,10.2868,5341,0.7045,0.7037,0.1171,0.0913,1.1978
Photowatt,20,51921,24221,46.6497,24221,0.1831,0.0961,0.1899,0.0,0.7883
Photowatt,100,51921,15829,30.4867,15829,0.2698,0.2158,0.1827,0.0,0.7883
Photowatt,200,51921,11977,23.0677,11977,0.3324,0.3386,0.1667,0.0,0.7883
Photowatt,400,51921,7726,14.8803,7726,0.4253,0.4596,0.1295,0.0221,0.7883
Photowatt,600,51921,5341,10.2868,5341,0.4849,0.4912,0.0916,0.0298,0.7883
TrinaSolar,20,51921,24221,46.6497,24221,0.2576,0.1543,0.2474,0.0,1.0862
TrinaSolar,100,51921,15829,30.4867,15829,0.3736,0.3099,0.2334,0.0,1.0862
TrinaSolar,200,51921,11977,23.0677,11977,0.4541,0.4605,0.2122,0.0,1.0862
TrinaSolar,400,51921,7726,14.8803,7726,0.5724,0.608,0.1639,0.0,1.0862
TrinaSolar,600,51921,5341,10.2868,5341,0.6503,0.6519,0.1137,0.0138,1.0635
