module,gpoa_range,count,mean,median,std,min,max
Atersa,20-200,12244,0.0669,0.0543,0.0501,0.0,0.9247
Atersa,200-400,4251,0.2476,0.2403,0.0868,0.0,1.0592
Atersa,400-600,2385,0.4182,0.4457,0.1373,0.011,1.2435
Atersa,600-800,2064,0.6,0.622,0.1175,0.0507,1.0847
Atersa,800-1000,2798,0.7489,0.7503,0.082,0.0691,1.1207
Atersa,1000-1200,453,0.8871,0.8942,0.1084,0.2082,1.1411
Atersa,1200-1500,26,0.9349,1.0164,0.2405,0.0302,1.1196
JaSolar3,20-200,12244,0.0735,0.0602,0.0549,0.0,0.9473
JaSolar3,200-400,4251,0.2723,0.2636,0.0838,0.0233,1.1618
JaSolar3,400-600,2385,0.4704,0.4877,0.1127,0.0447,1.1612
JaSolar3,600-800,2064,0.6585,0.6684,0.0915,0.1075,1.1077
JaSolar3,800-1000,2798,0.8019,0.8023,0.0765,0.1828,1.1625
JaSolar3,1000-1200,453,0.9464,0.9505,0.1293,0.2041,1.1858
JaSolar3,1200-1500,26,1.0236,1.1037,0.2695,0.0692,1.3059
NingboSolar,20-200,12244,0.0683,0.0554,0.0523,0.0,0.9298
NingboSolar,200-400,4251,0.2552,0.2489,0.0785,0.0193,1.1478
NingboSolar,400-600,2385,0.4349,0.4541,0.1197,0.0389,1.0717
NingboSolar,600-800,2064,0.6159,0.6243,0.09,0.0913,1.0759
NingboSolar,800-1000,2798,0.7409,0.7402,0.0723,0.1661,1.1078
NingboSolar,1000-1200,453,0.8702,0.8795,0.1205,0.1927,1.0804
NingboSolar,1200-1500,26,0.9255,1.0159,0.2635,0.1237,1.1978
Photowatt,20-200,12244,0.037,0.0271,0.032,0.0,0.6295
Photowatt,200-400,4251,0.1636,0.1587,0.0607,0.0,0.6913
Photowatt,400-600,2385,0.2918,0.3113,0.0989,0.0221,0.7178
Photowatt,600-800,2064,0.4185,0.4377,0.092,0.0298,0.6759
Photowatt,800-1000,2798,0.5144,0.5142,0.0492,0.1103,0.732
Photowatt,1000-1200,453,0.5957,0.5981,0.0715,0.1335,0.7371
Photowatt,1200-1500,26,0.6379,0.669,0.151,0.0899,0.7883
TrinaSolar,20-200,12244,0.0654,0.0538,0.0481,0.0,0.8534
TrinaSolar,200-400,4251,0.239,0.2315,0.0792,0.0,0.9293
TrinaSolar,400-600,2385,0.3979,0.4213,0.1186,0.0,1.0862
TrinaSolar,600-800,2064,0.5657,0.5795,0.0959,0.0138,0.9197
TrinaSolar,800-1000,2798,0.6852,0.6858,0.0698,0.0554,1.005
TrinaSolar,1000-1200,453,0.8076,0.8125,0.1003,0.1949,1.0073
TrinaSolar,1200-1500,26,0.8746,0.931,0.2171,0.0668,1.0635
