module,temperature_range,count,mean,median,std,min,max
Atersa,-10-0,387,0.0016,0.0007,0.004,0.0,0.028
Atersa,0-10,11261,0.0056,0.0005,0.0212,0.0,0.3753
Atersa,10-20,25039,0.0282,0.0008,0.0635,0.0,1.0321
Atersa,20-30,6972,0.1858,0.1436,0.1765,0.0,1.2435
Atersa,30-40,3947,0.4763,0.4438,0.2267,0.0061,1.1207
Atersa,40-50,2669,0.6399,0.6824,0.1742,0.0329,1.1411
Atersa,50-60,1189,0.7172,0.7299,0.1161,0.0773,0.9786
Atersa,60-80,186,0.7318,0.7444,0.0799,0.1236,0.9158
Atersa,80+,271,0.0515,0.0661,0.0488,0.0,0.2704
JaSolar3,-10-0,422,0.0015,0.0,0.0034,0.0,0.0293
JaSolar3,0-10,11301,0.0064,0.0008,0.0241,0.0,0.4107
JaSolar3,10-20,24314,0.031,0.0013,0.0675,0.0,1.105
JaSolar3,20-30,6894,0.1958,0.1535,0.1866,0.0,1.182
JaSolar3,30-40,4062,0.501,0.4576,0.2376,0.004,1.3059
JaSolar3,40-50,2489,0.6722,0.6931,0.1989,0.1033,1.181
JaSolar3,50-60,1429,0.7588,0.746,0.1127,0.1828,1.0589
JaSolar3,60-80,213,0.7929,0.8019,0.0507,0.5896,1.017
NingboSolar,-10-0,388,0.0012,0.0006,0.0034,0.0,0.0325
NingboSolar,0-10,11192,0.0052,0.0003,0.0218,0.0,0.4006
NingboSolar,10-20,24920,0.0271,0.0006,0.0614,0.0,1.0517
NingboSolar,20-30,6823,0.1732,0.1404,0.1612,0.0,1.0744
NingboSolar,30-40,3910,0.4518,0.3997,0.2187,0.0,1.1978
NingboSolar,40-50,2751,0.6196,0.6403,0.1803,0.0946,1.1046
NingboSolar,50-60,1562,0.6952,0.6882,0.1122,0.1638,1.015
NingboSolar,60-80,375,0.7256,0.7292,0.0475,0.5293,0.9051
Photowatt,-10-0,370,0.0007,0.0002,0.0025,0.0,0.0249
Photowatt,0-10,11391,0.003,0.0001,0.0143,0.0,0.3018
Photowatt,10-20,25227,0.0171,0.0002,0.0426,0.0,0.7088
Photowatt,20-30,7124,0.1289,0.0908,0.1327,0.0,0.7667
Photowatt,30-40,4052,0.3477,0.3408,0.165,0.0023,0.7883
Photowatt,40-50,2459,0.4397,0.4725,0.1079,0.0529,0.7236
Photowatt,50-60,1021,0.4883,0.5,0.0648,0.1103,0.6216
Photowatt,60-80,147,0.485,0.4891,0.0256,0.3772,0.5308
TrinaSolar,-10-0,403,0.0016,0.0009,0.0041,0.0,0.0309
TrinaSolar,0-10,11365,0.0055,0.0006,0.0213,0.0,0.3673
TrinaSolar,10-20,24898,0.0268,0.0009,0.0588,0.0,0.9618
TrinaSolar,20-30,6778,0.1642,0.1339,0.1532,0.0,1.0862
TrinaSolar,30-40,3859,0.4266,0.3849,0.2045,0.0,1.0635
TrinaSolar,40-50,2696,0.5737,0.5999,0.1692,0.0,1.0088
TrinaSolar,50-60,1487,0.6336,0.6327,0.1123,0.0138,0.9244
TrinaSolar,60-80,435,0.6655,0.6724,0.0553,0.1237,0.8234
