class_name,precision,recall,f1,support,model
Cell,0.5057471264367817,0.4680851063829787,0.4861878453038674,282,custom_cnn_task25
Cell-Multi,0.4181818181818181,0.3575129533678756,0.3854748603351955,193,custom_cnn_task25
Cracking,0.7865168539325843,0.5,0.611353711790393,140,custom_cnn_task25
Diode,0.8237885462555066,0.8311111111111111,0.827433628318584,225,custom_cnn_task25
Diode-Multi,0.6666666666666666,0.6666666666666666,0.6666666666666666,27,custom_cnn_task25
Hot-Spot,0.144927536231884,0.5405405405405406,0.2285714285714285,37,custom_cnn_task25
Hot-Spot-Multi,0.1724137931034483,0.5405405405405406,0.261437908496732,37,custom_cnn_task25
No-Anomaly,0.8610709117221418,0.7933333333333333,0.8258154059680777,1500,custom_cnn_task25
Offline-Module,0.3010752688172043,0.4552845528455284,0.3624595469255663,123,custom_cnn_task25
Shadowing,0.425414364640884,0.4842767295597484,0.4529411764705882,159,custom_cnn_task25
Soiling,0.1666666666666666,0.4333333333333333,0.2407407407407407,30,custom_cnn_task25
Vegetation,0.738255033557047,0.4471544715447154,0.5569620253164557,246,custom_cnn_task25
Cell,0.4306930693069307,0.3085106382978723,0.359504132231405,282,resnet18_transfer_frozen
Cell-Multi,0.4761904761904761,0.310880829015544,0.3761755485893417,193,resnet18_transfer_frozen
Cracking,0.610738255033557,0.65,0.629757785467128,140,resnet18_transfer_frozen
Diode,0.71875,0.6133333333333333,0.6618705035971223,225,resnet18_transfer_frozen
Diode-Multi,0.3275862068965517,0.7037037037037037,0.4470588235294118,27,resnet18_transfer_frozen
Hot-Spot,0.1588785046728972,0.4594594594594595,0.2361111111111111,37,resnet18_transfer_frozen
Hot-Spot-Multi,0.1411764705882353,0.6486486486486487,0.2318840579710145,37,resnet18_transfer_frozen
No-Anomaly,0.859537110933759,0.718,0.7824191790773701,1500,resnet18_transfer_frozen
Offline-Module,0.34,0.4146341463414634,0.3736263736263736,123,resnet18_transfer_frozen
Shadowing,0.3865546218487395,0.5786163522012578,0.4634760705289673,159,resnet18_transfer_frozen
Soiling,0.2444444444444444,0.3666666666666666,0.2933333333333333,30,resnet18_transfer_frozen
Vegetation,0.4983818770226537,0.6260162601626016,0.554954954954955,246,resnet18_transfer_frozen
Cell,0.4522058823529412,0.4361702127659574,0.4440433212996389,282,efficientnet_b0_transfer_frozen
Cell-Multi,0.4087591240875912,0.2901554404145077,0.3393939393939394,193,efficientnet_b0_transfer_frozen
Cracking,0.6129032258064516,0.6785714285714286,0.6440677966101694,140,efficientnet_b0_transfer_frozen
Diode,0.7035573122529645,0.7911111111111111,0.7447698744769874,225,efficientnet_b0_transfer_frozen
Diode-Multi,0.3396226415094339,0.6666666666666666,0.45,27,efficientnet_b0_transfer_frozen
Hot-Spot,0.1875,0.6486486486486487,0.2909090909090909,37,efficientnet_b0_transfer_frozen
Hot-Spot-Multi,0.2121212121212121,0.5675675675675675,0.3088235294117647,37,efficientnet_b0_transfer_frozen
No-Anomaly,0.903896103896104,0.696,0.7864406779661017,1500,efficientnet_b0_transfer_frozen
Offline-Module,0.3275862068965517,0.6178861788617886,0.428169014084507,123,efficientnet_b0_transfer_frozen
Shadowing,0.4502369668246445,0.5974842767295597,0.5135135135135135,159,efficientnet_b0_transfer_frozen
Soiling,0.2592592592592592,0.4666666666666667,0.3333333333333333,30,efficientnet_b0_transfer_frozen
Vegetation,0.56,0.5691056910569106,0.5645161290322581,246,efficientnet_b0_transfer_frozen
