gpoa_bin,n,mae,rmse,mean_residual,median_abs_error,model
200-400,4370,0.027587830929310983,0.05175481668792756,-0.016371431042387714,0.017961005092962702,gradient_boosting
400-600,1955,0.055046080490034566,0.10066531191407378,-0.010926830177719563,0.0187884847783226,gradient_boosting
600-800,1600,0.04034097033172356,0.07957322761676591,-0.022948348379847126,0.0193663578932722,gradient_boosting
800-1000,4420,0.03203995706484751,0.055692137073737526,-0.02603261911057995,0.0263114895865309,gradient_boosting
1000-1200,570,0.04525818314488253,0.09508177101624067,-0.014590049381806847,0.022614416547455052,gradient_boosting
1200+,10,0.14304114840496351,0.18365434160483426,0.1428847626997842,0.12170819264080275,gradient_boosting
200-400,4370,0.035058581232171024,0.060062704097057655,0.020208412211372068,0.0184878664513059,linear_regression
400-600,1955,0.06354692696851376,0.10687247753927631,0.009199517173011278,0.0292597056548719,linear_regression
600-800,1600,0.041629075100902115,0.07940249862758818,-0.003942163137286188,0.02267625291310075,linear_regression
800-1000,4420,0.03960372802752893,0.06558690244827062,-0.025521264856367784,0.02456534338717775,linear_regression
1000-1200,570,0.0744396209658485,0.1198232270035942,-0.051114849535433916,0.044468142214419804,linear_regression
1200+,10,0.07626867809489858,0.10075736460441757,-0.022920534536602262,0.0611584443011039,linear_regression
200-400,4370,0.03818268114794047,0.07986917472522864,-0.019738821150834085,0.012049431659935,random_forest
400-600,1955,0.07095498667856642,0.11674050403663369,-0.02003597472250816,0.0327041774897205,random_forest
600-800,1600,0.05309860581980992,0.08827352359779604,-0.003462798616146139,0.0296048297249327,random_forest
800-1000,4420,0.03824117162186476,0.06442407615016627,-0.01261357782731301,0.0230213800594191,random_forest
1000-1200,570,0.055691328399384496,0.10695041482814946,0.007486369496542095,0.025908755528605498,random_forest
1200+,10,0.1543373032754373,0.21096751364065594,0.15433730327543724,0.1211566310828385,random_forest
