module_name,Fecha,y_true,y_pred,residual,model,Front GPOA (W/m²),normalized_pmpp,gpoa_bin,absolute_error
JaSolar3,2025-07-24 14:15:00,1.1611522597460318,0.387323337152516,0.7738289225935158,random_forest,416.0,1.1611522597460318,400-600,0.7738289225935158
JaSolar3,2025-07-24 14:15:00,1.1611522597460318,0.3899890905637969,0.7711631691822349,linear_regression,416.0,1.1611522597460318,400-600,0.7711631691822349
JaSolar3,2025-07-24 14:15:00,1.1611522597460318,0.3952066914784619,0.7659455682675698,gradient_boosting,416.0,1.1611522597460318,400-600,0.7659455682675698
Atersa,2025-07-24 14:15:00,1.0798540055757575,0.3476291451703105,0.7322248604054472,linear_regression,416.0,1.0798540055757577,400-600,0.7322248604054472
JaSolar3,2025-07-24 14:00:00,0.2044998999999999,0.933154357722254,-0.7286544577222539,random_forest,1023.0,0.20449989999999998,1000-1200,0.7286544577222539
NingboSolar,2025-07-24 14:15:00,1.07169554688,0.3570990539576651,0.714596492922335,linear_regression,416.0,1.07169554688,400-600,0.714596492922335
Atersa,2025-06-30 14:10:00,0.0772651515151515,0.78918375958717,-0.7119186080720186,random_forest,943.0,0.0772651515151515,800-1000,0.7119186080720186
JaSolar3,2025-07-23 15:45:00,1.012102062857143,0.3049700848883571,0.707131977968786,random_forest,377.0,1.012102062857143,200-400,0.707131977968786
Atersa,2025-06-30 14:10:00,0.0772651515151515,0.7823043046697359,-0.7050391531545844,gradient_boosting,943.0,0.0772651515151515,800-1000,0.7050391531545844
Atersa,2025-07-24 14:15:00,1.0798540055757575,0.3763203255297667,0.703533680045991,gradient_boosting,416.0,1.0798540055757577,400-600,0.703533680045991
Atersa,2025-07-24 14:15:00,1.0798540055757575,0.3787409754968947,0.701113030078863,random_forest,416.0,1.0798540055757577,400-600,0.701113030078863
JaSolar3,2025-07-24 14:00:00,0.2044998999999999,0.8983985180821975,-0.6938986180821975,gradient_boosting,1023.0,0.20449989999999998,1000-1200,0.6938986180821975
NingboSolar,2025-07-24 14:15:00,1.07169554688,0.3787066092117115,0.6929889376682885,gradient_boosting,416.0,1.07169554688,400-600,0.6929889376682885
Atersa,2025-06-30 14:10:00,0.0772651515151515,0.769723570391192,-0.6924584188760405,linear_regression,943.0,0.0772651515151515,800-1000,0.6924584188760405
NingboSolar,2025-07-24 14:15:00,1.07169554688,0.3839925981823321,0.6877029486976679,random_forest,416.0,1.07169554688,400-600,0.6877029486976679
JaSolar3,2025-07-24 14:00:00,0.2044998999999999,0.8841374040481346,-0.6796375040481346,linear_regression,1023.0,0.20449989999999998,1000-1200,0.6796375040481346
JaSolar3,2025-07-18 14:15:00,0.3290790060380952,0.9901222703203164,-0.6610432642822213,random_forest,1116.0,0.3290790060380952,1000-1200,0.6610432642822213
JaSolar3,2025-07-18 14:15:00,0.3290790060380952,0.9729653960043868,-0.6438863899662917,gradient_boosting,1116.0,0.3290790060380952,1000-1200,0.6438863899662917
JaSolar3,2025-07-23 15:45:00,1.012102062857143,0.3703914565751172,0.6417106062820259,linear_regression,377.0,1.012102062857143,200-400,0.6417106062820259
Atersa,2025-06-20 14:40:00,0.1235602272727272,0.7626735025076864,-0.6391132752349591,gradient_boosting,918.0,0.12356022727272728,800-1000,0.6391132752349591
NingboSolar,2025-07-18 14:15:00,0.2945469328,0.933139027820628,-0.6385920950206281,random_forest,1116.0,0.2945469328,1000-1200,0.6385920950206281
JaSolar3,2025-07-23 15:45:00,1.012102062857143,0.3808203053154794,0.6312817575416637,gradient_boosting,377.0,1.012102062857143,200-400,0.6312817575416637
Atersa,2025-06-20 14:40:00,0.1235602272727272,0.7487489720094493,-0.625188744736722,linear_regression,918.0,0.12356022727272728,800-1000,0.625188744736722
NingboSolar,2025-07-18 14:15:00,0.2945469328,0.9189404719000154,-0.6243935391000154,linear_regression,1116.0,0.2945469328,1000-1200,0.6243935391000154
JaSolar3,2025-07-18 14:15:00,0.3290790060380952,0.9517120547263598,-0.6226330486882645,linear_regression,1116.0,0.3290790060380952,1000-1200,0.6226330486882645
Atersa,2025-07-23 15:45:00,0.9469457218181818,0.3279722842917372,0.6189734375264446,linear_regression,377.0,0.9469457218181818,200-400,0.6189734375264446
TrinaSolar,2025-07-19 13:50:00,0.0239472972972972,0.6377236849833132,-0.613776387686016,gradient_boosting,798.0,0.023947297297297297,600-800,0.613776387686016
TrinaSolar,2025-07-19 13:50:00,0.0239472972972972,0.6347946917776208,-0.6108473944803235,random_forest,798.0,0.023947297297297297,600-800,0.6108473944803235
NingboSolar,2025-07-18 14:15:00,0.2945469328,0.9047669245750862,-0.6102199917750862,gradient_boosting,1116.0,0.2945469328,1000-1200,0.6102199917750862
Atersa,2025-06-25 16:20:00,0.0688181818181818,0.6763310179561666,-0.6075128361379848,random_forest,789.0,0.06881818181818182,600-800,0.6075128361379848
TrinaSolar,2025-07-19 13:50:00,0.0239472972972972,0.6276213238739676,-0.6036740265766704,linear_regression,798.0,0.023947297297297297,600-800,0.6036740265766704
Atersa,2025-06-25 16:20:00,0.0688181818181818,0.6723519266255583,-0.6035337448073765,gradient_boosting,789.0,0.06881818181818182,600-800,0.6035337448073765
Atersa,2025-06-20 14:40:00,0.1235602272727272,0.7260636389553043,-0.602503411682577,random_forest,918.0,0.12356022727272728,800-1000,0.602503411682577
TrinaSolar,2025-06-25 16:20:00,0.0283601351351351,0.6279171944251075,-0.5995570592899724,linear_regression,789.0,0.028360135135135134,600-800,0.5995570592899724
TrinaSolar,2025-06-20 14:40:00,0.1236986486486486,0.7220811735593509,-0.5983825249107022,linear_regression,918.0,0.12369864864864866,800-1000,0.5983825249107022
Atersa,2025-07-19 13:50:00,0.0867892045454545,0.6842704340552679,-0.5974812295098133,gradient_boosting,798.0,0.08678920454545455,600-800,0.5974812295098133
TrinaSolar,2025-06-25 16:20:00,0.0283601351351351,0.6258051775536037,-0.5974450424184685,gradient_boosting,789.0,0.028360135135135134,600-800,0.5974450424184685
Atersa,2025-07-19 13:50:00,0.0867892045454545,0.6819250734261061,-0.5951358688806515,random_forest,798.0,0.08678920454545455,600-800,0.5951358688806515
Atersa,2025-07-23 15:45:00,0.9469457218181818,0.3522016966960523,0.5947440251221294,random_forest,377.0,0.9469457218181818,200-400,0.5947440251221294
Atersa,2025-07-18 14:15:00,0.3459688154090909,0.940394938700321,-0.59442612329123,random_forest,1116.0,0.3459688154090909,1000-1200,0.59442612329123
TrinaSolar,2025-06-20 14:40:00,0.1236986486486486,0.7127187290714232,-0.5890200804227745,gradient_boosting,918.0,0.12369864864864866,800-1000,0.5890200804227745
Atersa,2025-06-25 16:20:00,0.0688181818181818,0.6545257659853123,-0.5857075841671305,linear_regression,789.0,0.06881818181818182,600-800,0.5857075841671305
Atersa,2025-07-23 15:45:00,0.9469457218181818,0.3634947942998366,0.5834509275183452,gradient_boosting,377.0,0.9469457218181818,200-400,0.5834509275183452
NingboSolar,2025-07-24 13:15:00,0.9872478006857144,0.4070797304733111,0.5801680702124032,random_forest,481.0,0.9872478006857143,400-600,0.5801680702124032
TrinaSolar,2025-07-16 11:40:00,0.0277743243243243,0.6026182335674777,-0.5748439092431533,gradient_boosting,742.0,0.02777432432432432,600-800,0.5748439092431533
TrinaSolar,2025-07-24 14:15:00,0.8945363147243244,0.3209909601651587,0.5735453545591656,linear_regression,416.0,0.8945363147243244,400-600,0.5735453545591656
NingboSolar,2025-07-24 13:15:00,0.9872478006857144,0.4155321785827978,0.5717156221029165,linear_regression,481.0,0.9872478006857143,400-600,0.5717156221029165
Atersa,2025-07-19 13:50:00,0.0867892045454545,0.6542298954341725,-0.567440690888718,linear_regression,798.0,0.08678920454545455,600-800,0.567440690888718
TrinaSolar,2025-07-16 11:40:00,0.0277743243243243,0.5936733338799451,-0.5658990095556208,random_forest,742.0,0.02777432432432432,600-800,0.5658990095556208
JaSolar3,2025-07-26 14:45:00,0.4472386782317459,1.0119429568876188,-0.5647042786558729,random_forest,1136.0,0.44723867823174596,1000-1200,0.5647042786558729
