module_name,n,mae,rmse,mean_residual,median_abs_error,model
Atersa,2585,0.037217823454498845,0.08058528350854963,-0.017029395664502976,0.01482912763184,gradient_boosting
JaSolar3,2585,0.032803285189111596,0.06646070728890482,-0.011480013462645274,0.0209876498640552,gradient_boosting
NingboSolar,2585,0.036015614673716036,0.06589808109896511,-0.017466998370972996,0.0245428607184983,gradient_boosting
Photowatt,2585,0.033795756648675346,0.05827456985904362,-0.02470543302848114,0.0219864290418209,gradient_boosting
TrinaSolar,2585,0.03872212241431654,0.06992103194690864,-0.026638902626135295,0.0255384449157787,gradient_boosting
Atersa,2585,0.03760294099457714,0.08179170578958433,0.003990239423565432,0.0145681855887497,linear_regression
JaSolar3,2585,0.029247006925134038,0.06446075586645335,0.008316976434653033,0.0154536678105104,linear_regression
NingboSolar,2585,0.028707379560684258,0.06450346459719927,-0.002577880546926713,0.0146851945375628,linear_regression
Photowatt,2585,0.0799305324939256,0.09461149467390416,-0.014145731660882272,0.0721279199569467,linear_regression
TrinaSolar,2585,0.04203187348124401,0.0724040983362471,-0.011900935885780417,0.0288742080292774,linear_regression
Atersa,2585,0.04682947739558526,0.09310278022144927,-0.01518941639721797,0.0158367156448134,random_forest
JaSolar3,2585,0.044918655821147506,0.08481512777370571,-0.010786081110984398,0.0229505774581592,random_forest
NingboSolar,2585,0.04404093569642181,0.08373700050108765,-0.016421210160867877,0.0235824781494459,random_forest
Photowatt,2585,0.035479400432484466,0.06619971655443885,-0.019784782119856868,0.0180417287333224,random_forest
TrinaSolar,2585,0.05807253400981121,0.09191860370581828,-0.0078033717771937286,0.0393519335690809,random_forest
