class_index,class_name,support,errors,error_rate,mean_confidence,mean_error_confidence
0,Cell,282,150,0.5319148936170213,0.4220250132624113,0.41210306879999997
1,Cell-Multi,193,124,0.6424870466321243,0.43950743803108805,0.4384894930645161
2,Cracking,140,70,0.5,0.5283665487142857,0.43171795314285716
3,Diode,225,38,0.1688888888888889,0.7263586633333333,0.45287628078947373
4,Diode-Multi,27,9,0.3333333333333333,0.677028101111111,0.5147295622222222
5,Hot-Spot,37,17,0.4594594594594595,0.4602599421621622,0.3873592282352942
6,Hot-Spot-Multi,37,17,0.4594594594594595,0.6277018983783783,0.6066658852941176
7,No-Anomaly,1500,310,0.20666666666666667,0.5284719125933334,0.42218285674193545
8,Offline-Module,123,67,0.5447154471544715,0.448987208699187,0.4053397179104478
9,Shadowing,159,82,0.5157232704402516,0.5128417097484277,0.44427912902439026
10,Soiling,30,17,0.5666666666666667,0.4573825920000001,0.3907996705882353
11,Vegetation,246,136,0.5528455284552846,0.4574767145528455,0.40081122647058826
