rank,y_true_index,y_true_class,y_pred_index,y_pred_class,count,error_percentage
1,7,No-Anomaly,8,Offline-Module,98,9.450337512054002
2,7,No-Anomaly,5,Hot-Spot,64,6.171648987463838
3,7,No-Anomaly,9,Shadowing,50,4.821600771456123
4,9,Shadowing,7,No-Anomaly,48,4.628736740597879
5,1,Cell-Multi,0,Cell,43,4.146576663452266
6,7,No-Anomaly,6,Hot-Spot-Multi,43,4.146576663452266
7,0,Cell,7,No-Anomaly,42,4.050144648023143
8,11,Vegetation,0,Cell,41,3.953712632594021
9,2,Cracking,1,Cell-Multi,35,3.3751205400192865
10,8,Offline-Module,7,No-Anomaly,33,3.182256509161042
11,11,Vegetation,7,No-Anomaly,27,2.6036644165863065
12,0,Cell,11,Vegetation,24,2.3143683702989395
13,0,Cell,1,Cell-Multi,23,2.2179363548698166
14,3,Diode,7,No-Anomaly,23,2.2179363548698166
15,7,No-Anomaly,3,Diode,23,2.2179363548698166
16,1,Cell-Multi,10,Soiling,22,2.1215043394406945
17,11,Vegetation,1,Cell-Multi,21,2.0250723240115716
18,7,No-Anomaly,0,Cell,20,1.9286403085824495
19,0,Cell,9,Shadowing,20,1.9286403085824495
20,0,Cell,5,Hot-Spot,16,1.5429122468659595
21,0,Cell,10,Soiling,15,1.446480231436837
22,1,Cell-Multi,11,Vegetation,13,1.253616200578592
23,11,Vegetation,6,Hot-Spot-Multi,13,1.253616200578592
24,8,Offline-Module,6,Hot-Spot-Multi,12,1.1571841851494697
25,6,Hot-Spot-Multi,5,Hot-Spot,12,1.1571841851494697
