case,rank,module_name,Fecha,actual_normalized_pmpp,predicted_normalized_pmpp,residual,absolute_error,feature,shap_value
typical_prediction,1,Atersa,2025-06-30 13:30:00,0.7401257915757576,0.7538281501013878,-0.013702358525630176,0.013702358525630176,numeric__Front GPOA (W/m²),0.2778898212761083
typical_prediction,2,Atersa,2025-06-30 13:30:00,0.7401257915757576,0.7538281501013878,-0.013702358525630176,0.013702358525630176,categorical__module_name_Photowatt,0.0382084076946363
typical_prediction,3,Atersa,2025-06-30 13:30:00,0.7401257915757576,0.7538281501013878,-0.013702358525630176,0.013702358525630176,numeric__Amb. Temp. (°C),-0.027993152218181227
typical_prediction,4,Atersa,2025-06-30 13:30:00,0.7401257915757576,0.7538281501013878,-0.013702358525630176,0.013702358525630176,numeric__Temp. Mod (°C),0.0162035345693707
typical_prediction,5,Atersa,2025-06-30 13:30:00,0.7401257915757576,0.7538281501013878,-0.013702358525630176,0.013702358525630176,categorical__module_name_TrinaSolar,0.009736757431437605
typical_prediction,6,Atersa,2025-06-30 13:30:00,0.7401257915757576,0.7538281501013878,-0.013702358525630176,0.013702358525630176,categorical__module_name_JaSolar3,-0.00930592098142043
typical_prediction,7,Atersa,2025-06-30 13:30:00,0.7401257915757576,0.7538281501013878,-0.013702358525630176,0.013702358525630176,numeric__Wind Speed (m/s),-0.0040164853551507744
typical_prediction,8,Atersa,2025-06-30 13:30:00,0.7401257915757576,0.7538281501013878,-0.013702358525630176,0.013702358525630176,numeric__GHI (W/m²),-0.0034770770694030617
typical_prediction,9,Atersa,2025-06-30 13:30:00,0.7401257915757576,0.7538281501013878,-0.013702358525630176,0.013702358525630176,categorical__module_name_Atersa,0.0008034278327468313
typical_prediction,10,Atersa,2025-06-30 13:30:00,0.7401257915757576,0.7538281501013878,-0.013702358525630176,0.013702358525630176,categorical__module_name_NingboSolar,4.868563232494578e-06
largest_error,1,JaSolar3,2025-07-24 14:15:00,1.1611522597460318,0.39724139977559364,0.7639108599704381,0.7639108599704381,numeric__Front GPOA (W/m²),-0.12790341692394352
largest_error,2,JaSolar3,2025-07-24 14:15:00,1.1611522597460318,0.39724139977559364,0.7639108599704381,0.7639108599704381,categorical__module_name_Photowatt,0.023767312355376415
largest_error,3,JaSolar3,2025-07-24 14:15:00,1.1611522597460318,0.39724139977559364,0.7639108599704381,0.7639108599704381,categorical__module_name_JaSolar3,0.022852155801713566
largest_error,4,JaSolar3,2025-07-24 14:15:00,1.1611522597460318,0.39724139977559364,0.7639108599704381,0.7639108599704381,numeric__Temp. Mod (°C),0.022665478974119798
largest_error,5,JaSolar3,2025-07-24 14:15:00,1.1611522597460318,0.39724139977559364,0.7639108599704381,0.7639108599704381,numeric__Amb. Temp. (°C),-0.011178153346504332
largest_error,6,JaSolar3,2025-07-24 14:15:00,1.1611522597460318,0.39724139977559364,0.7639108599704381,0.7639108599704381,numeric__GHI (W/m²),0.008347380276963051
largest_error,7,JaSolar3,2025-07-24 14:15:00,1.1611522597460318,0.39724139977559364,0.7639108599704381,0.7639108599704381,categorical__module_name_TrinaSolar,0.00530584985460708
largest_error,8,JaSolar3,2025-07-24 14:15:00,1.1611522597460318,0.39724139977559364,0.7639108599704381,0.7639108599704381,numeric__Wind Speed (m/s),-0.002381863439332691
largest_error,9,JaSolar3,2025-07-24 14:15:00,1.1611522597460318,0.39724139977559364,0.7639108599704381,0.7639108599704381,categorical__module_name_Atersa,-1.2180698648902052e-05
largest_error,10,JaSolar3,2025-07-24 14:15:00,1.1611522597460318,0.39724139977559364,0.7639108599704381,0.7639108599704381,categorical__module_name_NingboSolar,4.868563232494578e-06
