class_name,precision,recall,f1,support
Cell,0.2391304347826087,0.15658362989323843,0.18924731182795698,281
Cell-Multi,0.18269230769230768,0.19689119170984457,0.18952618453865336,193
Cracking,0.21390374331550802,0.28368794326241137,0.24390243902439024,141
Diode,0.7018633540372671,0.5044642857142857,0.587012987012987,224
Diode-Multi,0.018518518518518517,0.11538461538461539,0.031914893617021274,26
Hot-Spot,0.0794392523364486,0.4594594594594595,0.13545816733067728,37
Hot-Spot-Multi,0.1286549707602339,0.5945945945945946,0.21153846153846154,37
No-Anomaly,0.8360655737704918,0.272,0.4104627766599598,1500
Offline-Module,0.1888412017167382,0.35772357723577236,0.24719101123595505,123
Shadowing,0.18085106382978725,0.5379746835443038,0.27070063694267515,158
Soiling,0.022222222222222223,0.12903225806451613,0.037914691943127965,31
Vegetation,0.27728613569321536,0.3821138211382114,0.3213675213675214,246
