model,class_name,precision,recall,f1,support
random_forest,Diode-Multi,0.6,0.3333333333333333,0.4285714285714285,27
random_forest,Hot-Spot,0.21875,0.1891891891891892,0.2028985507246377,37
random_forest,Hot-Spot-Multi,0.1641791044776119,0.2972972972972973,0.2115384615384615,37
random_forest,Soiling,0.3333333333333333,0.3,0.3157894736842105,30
logistic_regression,Diode-Multi,0.027027027027027,0.1481481481481481,0.0457142857142857,27
logistic_regression,Hot-Spot,0.1420454545454545,0.6756756756756757,0.2347417840375587,37
logistic_regression,Hot-Spot-Multi,0.0898876404494382,0.4324324324324324,0.1488372093023255,37
logistic_regression,Soiling,0.0391061452513966,0.2333333333333333,0.0669856459330143,30
decision_tree,Diode-Multi,0.1379310344827586,0.1481481481481481,0.1428571428571428,27
decision_tree,Hot-Spot,0.05,0.054054054054054,0.0519480519480519,37
decision_tree,Hot-Spot-Multi,0.1052631578947368,0.1081081081081081,0.1066666666666666,37
decision_tree,Soiling,0.119047619047619,0.1666666666666666,0.1388888888888889,30
dummy,Diode-Multi,0.0,0.0,0.0,27
dummy,Hot-Spot,0.0,0.0,0.0,37
dummy,Hot-Spot-Multi,0.0,0.0,0.0,37
dummy,Soiling,0.0,0.0,0.0,30
