model,module_name,Fecha,y_true,y_pred,residual,Front GPOA (W/m²),normalized_pmpp,gpoa_bin,absolute_error
xgboost,JaSolar3,2025-07-24 14:00:00,0.2044998999999999,0.9761204,0.771620512349701,1023.0,0.20449989999999998,1000-1200,0.771620512349701
xgboost,JaSolar3,2025-07-24 14:15:00,1.1611522597460318,0.46113494,-0.7000173193602133,416.0,1.1611522597460318,400-600,0.7000173193602133
xgboost,Atersa,2025-06-30 14:10:00,0.0772651515151515,0.749545,0.6722798266266332,943.0,0.0772651515151515,800-1000,0.6722798266266332
xgboost,Atersa,2025-07-24 14:15:00,1.0798540055757575,0.42408875,-0.6557652592664773,416.0,1.0798540055757577,400-600,0.6557652592664773
xgboost,Atersa,2025-06-20 14:40:00,0.1235602272727272,0.7767662,0.6532059537193992,918.0,0.12356022727272728,800-1000,0.6532059537193992
xgboost,NingboSolar,2025-07-24 14:15:00,1.07169554688,0.42056507,-0.6511304781582288,416.0,1.07169554688,400-600,0.6511304781582288
xgboost,Atersa,2025-06-25 16:20:00,0.0688181818181818,0.68702084,0.6182026564424689,789.0,0.06881818181818182,600-800,0.6182026564424689
xgboost,TrinaSolar,2025-06-25 16:20:00,0.0283601351351351,0.6401278,0.6117676429181486,789.0,0.028360135135135134,600-800,0.6117676429181486
xgboost,JaSolar3,2025-07-26 14:45:00,0.4472386782317459,1.0409132,0.59367454598853,1136.0,0.44723867823174596,1000-1200,0.59367454598853
xgboost,NingboSolar,2025-07-24 13:15:00,0.9872478006857144,0.4019,-0.585347807266067,481.0,0.9872478006857143,400-600,0.585347807266067
xgboost,TrinaSolar,2025-07-16 11:40:00,0.0277743243243243,0.6124194,0.5846451021168683,742.0,0.02777432432432432,600-800,0.5846451021168683
xgboost,JaSolar3,2025-07-23 15:45:00,1.012102062857143,0.42911863,-0.5829834295868794,377.0,1.012102062857143,200-400,0.5829834295868794
xgboost,TrinaSolar,2025-07-19 13:50:00,0.0239472972972972,0.6067747,0.5828273904697315,798.0,0.023947297297297297,600-800,0.5828273904697315
xgboost,Atersa,2025-07-19 13:50:00,0.0867892045454545,0.66468537,0.5778961639924483,798.0,0.08678920454545455,600-800,0.5778961639924483
xgboost,TrinaSolar,2025-06-20 14:40:00,0.1236986486486486,0.698929,0.5752303631730982,918.0,0.12369864864864866,800-1000,0.5752303631730982
xgboost,NingboSolar,2025-07-26 14:45:00,0.4098009343999999,0.96922386,0.5594229225259644,1136.0,0.4098009343999999,1000-1200,0.5594229225259644
xgboost,JaSolar3,2025-07-18 14:15:00,0.3290790060380952,0.888409,0.5593300124784453,1116.0,0.3290790060380952,1000-1200,0.5593300124784453
xgboost,Atersa,2025-07-23 15:45:00,0.9469457218181818,0.4058223,-0.5411234149467676,377.0,0.9469457218181818,200-400,0.5411234149467676
xgboost,Atersa,2025-07-21 13:00:00,1.0847332242424244,0.5442552,-0.5404780271942371,657.5,1.0847332242424244,600-800,0.5404780271942371
xgboost,Atersa,2025-07-26 14:45:00,0.4290665929090909,0.9667933,0.5377267058122226,1136.0,0.42906659290909094,1000-1200,0.5377267058122226
xgboost,Atersa,2025-07-16 11:40:00,0.1351119318181818,0.6640735,0.5289615950411016,742.0,0.13511193181818182,600-800,0.5289615950411016
xgboost,NingboSolar,2025-07-26 12:15:00,0.2392245416685714,0.76605,0.5268254394486771,959.0,0.23922454166857143,800-1000,0.5268254394486771
xgboost,TrinaSolar,2025-07-19 15:10:00,0.2419864864864865,0.7614498,0.519463327356287,1000.0,0.24198648648648652,1000-1200,0.519463327356287
xgboost,JaSolar3,2025-07-26 12:15:00,0.2999211957333333,0.8136273,0.5137061069133035,959.0,0.29992119573333337,800-1000,0.5137061069133035
xgboost,NingboSolar,2025-07-28 16:30:00,0.3360657429257143,0.8447952,0.5087294841250669,961.0,0.3360657429257143,800-1000,0.5087294841250669
xgboost,JaSolar3,2025-07-28 16:30:00,0.4100306180825397,0.91700083,0.5069702120909527,961.0,0.4100306180825397,800-1000,0.5069702120909527
xgboost,NingboSolar,2025-07-18 14:15:00,0.2945469328,0.7985259,0.5039789966509888,1116.0,0.2945469328,1000-1200,0.5039789966509888
xgboost,Atersa,2025-07-18 14:15:00,0.3459688154090909,0.8490896,0.5031208070884676,1116.0,0.3459688154090909,1000-1200,0.5031208070884676
xgboost,NingboSolar,2025-07-24 14:00:00,0.38573958904,0.8862674,0.5005278345897608,1023.0,0.38573958904,1000-1200,0.5005278345897608
xgboost,NingboSolar,2025-07-08 11:15:00,0.7391491087714285,0.2406955,-0.4984536024371236,298.0,0.7391491087714285,200-400,0.4984536024371236
xgboost,TrinaSolar,2025-07-24 14:15:00,0.8945363147243244,0.40143275,-0.4931035621150714,416.0,0.8945363147243244,400-600,0.4931035621150714
xgboost,TrinaSolar,2025-07-26 14:45:00,0.400948996908108,0.89252764,0.4915786429577672,1136.0,0.40094899690810804,1000-1200,0.4915786429577672
xgboost,Atersa,2025-07-28 15:40:00,0.0329318181818181,0.50806206,0.4751302464658564,399.0,0.03293181818181818,200-400,0.4751302464658564
xgboost,JaSolar3,2025-07-19 13:00:00,0.3538992634666666,0.81750864,0.4636093744384542,916.0,0.35389926346666667,800-1000,0.4636093744384542
xgboost,TrinaSolar,2025-07-23 15:45:00,0.8405518894486486,0.37703148,-0.4635204141430913,377.0,0.8405518894486486,200-400,0.4635204141430913
xgboost,NingboSolar,2025-06-24 11:45:00,0.6515475199999999,0.19245578,-0.4590917365136336,264.0,0.6515475199999999,200-400,0.4590917365136336
xgboost,TrinaSolar,2025-07-28 15:40:00,0.0095168918918918,0.46452868,0.4550117879558254,399.0,0.009516891891891893,200-400,0.4550117879558254
xgboost,NingboSolar,2025-06-25 13:30:00,0.1638455618571428,0.6002099,0.4363643299389692,616.0,0.16384556185714286,600-800,0.4363643299389692
xgboost,JaSolar3,2025-07-27 15:30:00,1.0424064857142858,0.6093388,-0.4330676657336645,630.0,1.0424064857142858,600-800,0.4330676657336645
xgboost,Photowatt,2025-07-24 14:15:00,0.7178036017290323,0.28507587,-0.4327277285925119,416.0,0.7178036017290323,400-600,0.4327277285925119
xgboost,JaSolar3,2025-06-30 14:10:00,0.3734357142857142,0.8061546,0.4327188944407872,943.0,0.37343571428571426,800-1000,0.4327188944407872
xgboost,Atersa,2025-06-25 13:30:00,0.1752202609,0.60709494,0.431874682623407,616.0,0.1752202609,600-800,0.431874682623407
xgboost,JaSolar3,2025-07-29 13:30:00,0.9034219142603176,0.4721366,-0.4312853273557917,358.5,0.9034219142603175,200-400,0.4312853273557917
xgboost,JaSolar3,2025-07-24 13:00:00,0.9300464528063492,0.4989325,-0.4311139421919541,535.5,0.9300464528063492,400-600,0.4311139421919541
xgboost,Atersa,2025-07-21 11:00:00,0.7325619028606061,0.30295917,-0.4296027289428357,297.0,0.7325619028606061,200-400,0.4296027289428357
xgboost,TrinaSolar,2025-07-29 17:20:00,0.089691554054054,0.5186742,0.4289826407587206,815.0,0.08969155405405406,800-1000,0.4289826407587206
xgboost,NingboSolar,2025-07-26 13:15:00,0.9598253953714286,0.53726375,-0.4225616443414604,631.0,0.9598253953714286,600-800,0.4225616443414604
xgboost,NingboSolar,2025-07-21 11:00:00,0.7360019688,0.31450346,-0.4214985076774872,297.0,0.7360019688,200-400,0.4214985076774872
xgboost,JaSolar3,2025-06-25 13:30:00,0.1890185158984127,0.6096779,0.4206593949063358,616.0,0.1890185158984127,600-800,0.4206593949063358
xgboost,Atersa,2025-07-19 13:00:00,0.3223596089727272,0.74193126,0.4195716506593833,916.0,0.32235960897272725,800-1000,0.4195716506593833
