model,sample_index,y_true_index,y_pred_index,y_true_class,y_pred_class,confidence
custom_cnn_task25,321,7,11,No-Anomaly,Vegetation,0.97308356
custom_cnn_task25,1842,2,6,Cracking,Hot-Spot-Multi,0.93050325
custom_cnn_task25,2131,1,9,Cell-Multi,Shadowing,0.922097
custom_cnn_task25,1624,11,9,Vegetation,Shadowing,0.9105435
custom_cnn_task25,2615,1,9,Cell-Multi,Shadowing,0.90204567
custom_cnn_task25,1467,1,2,Cell-Multi,Cracking,0.8956988
custom_cnn_task25,2851,1,2,Cell-Multi,Cracking,0.8951535
custom_cnn_task25,1059,6,5,Hot-Spot-Multi,Hot-Spot,0.89065856
custom_cnn_task25,881,3,4,Diode,Diode-Multi,0.8763399
custom_cnn_task25,624,6,5,Hot-Spot-Multi,Hot-Spot,0.86756516
custom_cnn_task25,1807,6,5,Hot-Spot-Multi,Hot-Spot,0.8522854
custom_cnn_task25,2207,3,7,Diode,No-Anomaly,0.8515854
custom_cnn_task25,154,1,2,Cell-Multi,Cracking,0.84180427
custom_cnn_task25,1699,6,5,Hot-Spot-Multi,Hot-Spot,0.8415957
custom_cnn_task25,673,9,6,Shadowing,Hot-Spot-Multi,0.8374318
custom_cnn_task25,2456,9,7,Shadowing,No-Anomaly,0.8282165
custom_cnn_task25,1029,6,5,Hot-Spot-Multi,Hot-Spot,0.82655716
custom_cnn_task25,2191,1,2,Cell-Multi,Cracking,0.8247226
custom_cnn_task25,1230,0,9,Cell,Shadowing,0.8226376
custom_cnn_task25,241,3,7,Diode,No-Anomaly,0.8194783
custom_cnn_task25,280,0,7,Cell,No-Anomaly,0.8175636
efficientnet_b0_transfer,1467,1,2,Cell-Multi,Cracking,0.9805011749267578
efficientnet_b0_transfer,260,1,2,Cell-Multi,Cracking,0.9763721823692322
efficientnet_b0_transfer,2095,4,3,Diode-Multi,Diode,0.97317373752594
efficientnet_b0_transfer,2198,7,9,No-Anomaly,Shadowing,0.9711282849311828
efficientnet_b0_transfer,1029,6,5,Hot-Spot-Multi,Hot-Spot,0.9680854082107544
efficientnet_b0_transfer,2844,3,7,Diode,No-Anomaly,0.964424192905426
efficientnet_b0_transfer,1775,6,5,Hot-Spot-Multi,Hot-Spot,0.9642064571380616
efficientnet_b0_transfer,154,1,2,Cell-Multi,Cracking,0.9599513411521912
efficientnet_b0_transfer,1465,1,11,Cell-Multi,Vegetation,0.9594139456748962
efficientnet_b0_transfer,361,10,2,Soiling,Cracking,0.9574718475341796
efficientnet_b0_transfer,1030,6,5,Hot-Spot-Multi,Hot-Spot,0.9471083879470824
efficientnet_b0_transfer,1717,7,5,No-Anomaly,Hot-Spot,0.9322036504745485
efficientnet_b0_transfer,668,7,9,No-Anomaly,Shadowing,0.9310297966003418
efficientnet_b0_transfer,2191,1,2,Cell-Multi,Cracking,0.9276227951049804
efficientnet_b0_transfer,2895,1,10,Cell-Multi,Soiling,0.9245020747184752
efficientnet_b0_transfer,236,8,7,Offline-Module,No-Anomaly,0.9220339059829712
efficientnet_b0_transfer,2001,3,7,Diode,No-Anomaly,0.9095944166183472
efficientnet_b0_transfer,1844,2,6,Cracking,Hot-Spot-Multi,0.9094852209091188
efficientnet_b0_transfer,2851,1,2,Cell-Multi,Cracking,0.9004485011100769
efficientnet_b0_transfer,1230,0,9,Cell,Shadowing,0.8979994654655457
efficientnet_b0_transfer,2497,7,5,No-Anomaly,Hot-Spot,0.8929979205131531
efficientnet_b0_transfer,1059,6,5,Hot-Spot-Multi,Hot-Spot,0.8918275833129883
efficientnet_b0_transfer,1232,7,6,No-Anomaly,Hot-Spot-Multi,0.8900721669197083
efficientnet_b0_transfer,2914,4,3,Diode-Multi,Diode,0.8895255923271179
efficientnet_b0_transfer,541,1,7,Cell-Multi,No-Anomaly,0.8879132270812988
efficientnet_b0_transfer,1876,11,1,Vegetation,Cell-Multi,0.8839287161827087
efficientnet_b0_transfer,1872,7,5,No-Anomaly,Hot-Spot,0.8822343349456787
efficientnet_b0_transfer,658,0,7,Cell,No-Anomaly,0.8790360689163208
efficientnet_b0_transfer,1728,8,4,Offline-Module,Diode-Multi,0.8747325539588928
efficientnet_b0_transfer,1795,7,9,No-Anomaly,Shadowing,0.8705704808235168
efficientnet_b0_transfer,2179,10,6,Soiling,Hot-Spot-Multi,0.8647748827934265
efficientnet_b0_transfer,1951,5,7,Hot-Spot,No-Anomaly,0.8550429940223694
efficientnet_b0_transfer,130,7,5,No-Anomaly,Hot-Spot,0.8539916276931763
efficientnet_b0_transfer,1577,1,10,Cell-Multi,Soiling,0.8521259427070618
efficientnet_b0_transfer,195,9,7,Shadowing,No-Anomaly,0.8505194783210754
efficientnet_b0_transfer,1774,6,9,Hot-Spot-Multi,Shadowing,0.8496778011322021
efficientnet_b0_transfer,2601,8,6,Offline-Module,Hot-Spot-Multi,0.8487645983695984
efficientnet_b0_transfer,1713,8,6,Offline-Module,Hot-Spot-Multi,0.8482024669647217
efficientnet_b0_transfer,1946,7,6,No-Anomaly,Hot-Spot-Multi,0.8476056456565857
efficientnet_b0_transfer,1805,6,5,Hot-Spot-Multi,Hot-Spot,0.8449063301086426
efficientnet_b0_transfer,1125,7,5,No-Anomaly,Hot-Spot,0.844139814376831
efficientnet_b0_transfer,1652,7,5,No-Anomaly,Hot-Spot,0.8385217189788818
efficientnet_b0_transfer,2026,7,11,No-Anomaly,Vegetation,0.8282046914100647
efficientnet_b0_transfer,2904,7,6,No-Anomaly,Hot-Spot-Multi,0.8248715400695801
efficientnet_b0_transfer,1807,6,5,Hot-Spot-Multi,Hot-Spot,0.8223183155059814
efficientnet_b0_transfer,2573,0,11,Cell,Vegetation,0.8203120827674866
efficientnet_b0_transfer,2954,7,3,No-Anomaly,Diode,0.815100371837616
efficientnet_b0_transfer,1912,10,2,Soiling,Cracking,0.8129944205284119
efficientnet_b0_transfer,219,7,9,No-Anomaly,Shadowing,0.8071523904800415
efficientnet_b0_transfer,1831,7,6,No-Anomaly,Hot-Spot-Multi,0.806376576423645
efficientnet_b0_transfer,119,0,11,Cell,Vegetation,0.804364025592804
efficientnet_b0_transfer,1913,1,2,Cell-Multi,Cracking,0.8026823997497559
efficientnet_b0_transfer,411,7,5,No-Anomaly,Hot-Spot,0.8022189140319824
resnet18_transfer,321,7,11,No-Anomaly,Vegetation,0.9912842512130736
resnet18_transfer,992,9,6,Shadowing,Hot-Spot-Multi,0.9746776223182678
resnet18_transfer,1467,1,2,Cell-Multi,Cracking,0.9691409468650818
resnet18_transfer,1946,7,6,No-Anomaly,Hot-Spot-Multi,0.9635523557662964
resnet18_transfer,361,10,2,Soiling,Cracking,0.9615030288696288
resnet18_transfer,725,1,2,Cell-Multi,Cracking,0.9479034543037416
resnet18_transfer,1603,11,2,Vegetation,Cracking,0.9435449242591858
resnet18_transfer,527,10,6,Soiling,Hot-Spot-Multi,0.9426059126853944
resnet18_transfer,1842,2,6,Cracking,Hot-Spot-Multi,0.9390644431114196
resnet18_transfer,2638,3,4,Diode,Diode-Multi,0.9344933032989502
resnet18_transfer,2851,1,2,Cell-Multi,Cracking,0.9314261078834534
resnet18_transfer,154,1,2,Cell-Multi,Cracking,0.9313802719116212
resnet18_transfer,1059,6,5,Hot-Spot-Multi,Hot-Spot,0.9300612211227416
resnet18_transfer,876,0,11,Cell,Vegetation,0.914920449256897
resnet18_transfer,504,0,11,Cell,Vegetation,0.9119224548339844
resnet18_transfer,261,7,8,No-Anomaly,Offline-Module,0.9093912839889526
resnet18_transfer,975,7,6,No-Anomaly,Hot-Spot-Multi,0.9041822552680968
resnet18_transfer,543,4,3,Diode-Multi,Diode,0.903302788734436
resnet18_transfer,1749,1,7,Cell-Multi,No-Anomaly,0.8994612097740173
resnet18_transfer,1520,11,8,Vegetation,Offline-Module,0.8985349535942078
resnet18_transfer,2081,1,11,Cell-Multi,Vegetation,0.8975135087966919
resnet18_transfer,1552,0,11,Cell,Vegetation,0.8904584050178528
resnet18_transfer,1377,10,2,Soiling,Cracking,0.8833481669425964
resnet18_transfer,2904,7,6,No-Anomaly,Hot-Spot-Multi,0.8812132477760315
resnet18_transfer,2139,11,2,Vegetation,Cracking,0.8793313503265381
resnet18_transfer,1026,7,6,No-Anomaly,Hot-Spot-Multi,0.8755009770393372
resnet18_transfer,1033,7,8,No-Anomaly,Offline-Module,0.8586196303367615
resnet18_transfer,119,0,11,Cell,Vegetation,0.8529027104377747
resnet18_transfer,1232,7,6,No-Anomaly,Hot-Spot-Multi,0.8520934581756592
resnet18_transfer,2573,0,11,Cell,Vegetation,0.8516407608985901
resnet18_transfer,872,7,6,No-Anomaly,Hot-Spot-Multi,0.8507474660873413
resnet18_transfer,1273,9,2,Shadowing,Cracking,0.8472431898117065
resnet18_transfer,241,3,7,Diode,No-Anomaly,0.8471406102180481
resnet18_transfer,219,7,9,No-Anomaly,Shadowing,0.8415166139602661
resnet18_transfer,1300,11,6,Vegetation,Hot-Spot-Multi,0.8412914872169495
resnet18_transfer,1713,8,6,Offline-Module,Hot-Spot-Multi,0.8404086828231812
resnet18_transfer,1617,11,8,Vegetation,Offline-Module,0.832879364490509
resnet18_transfer,1692,0,7,Cell,No-Anomaly,0.8181646466255188
resnet18_transfer,748,7,6,No-Anomaly,Hot-Spot-Multi,0.8174190521240234
resnet18_transfer,1602,11,6,Vegetation,Hot-Spot-Multi,0.81663578748703
resnet18_transfer,57,7,9,No-Anomaly,Shadowing,0.8158049583435059
resnet18_transfer,995,1,2,Cell-Multi,Cracking,0.8150723576545715
resnet18_transfer,260,1,2,Cell-Multi,Cracking,0.8143119215965271
resnet18_transfer,1030,6,5,Hot-Spot-Multi,Hot-Spot,0.8123105764389038
resnet18_transfer,655,0,11,Cell,Vegetation,0.8122109174728394
resnet18_transfer,1042,0,11,Cell,Vegetation,0.8097504377365112
resnet18_transfer,1465,1,11,Cell-Multi,Vegetation,0.809683620929718
resnet18_transfer,2264,11,9,Vegetation,Shadowing,0.8078073263168335
