model,y_true_index,class_name,train_support,minority_class,test_support,errors,test_error_rate
custom_cnn_task25,0,Cell,1313,False,282,150,0.5319148936170213
custom_cnn_task25,1,Cell-Multi,900,False,193,124,0.6424870466321243
custom_cnn_task25,2,Cracking,656,True,140,70,0.5
custom_cnn_task25,3,Diode,1049,False,225,38,0.1688888888888889
custom_cnn_task25,4,Diode-Multi,122,True,27,9,0.3333333333333333
custom_cnn_task25,5,Hot-Spot,174,True,37,17,0.4594594594594595
custom_cnn_task25,6,Hot-Spot-Multi,172,True,37,17,0.4594594594594595
custom_cnn_task25,7,No-Anomaly,7000,False,1500,310,0.20666666666666667
custom_cnn_task25,8,Offline-Module,577,True,123,67,0.5447154471544715
custom_cnn_task25,9,Shadowing,739,False,159,82,0.5157232704402516
custom_cnn_task25,10,Soiling,143,True,30,17,0.5666666666666667
custom_cnn_task25,11,Vegetation,1147,False,246,136,0.5528455284552846
resnet18_transfer,0,Cell,1313,False,282,195,0.6914893617021277
resnet18_transfer,1,Cell-Multi,900,False,193,133,0.689119170984456
resnet18_transfer,2,Cracking,656,True,140,49,0.35
resnet18_transfer,3,Diode,1049,False,225,87,0.38666666666666666
resnet18_transfer,4,Diode-Multi,122,True,27,8,0.2962962962962963
resnet18_transfer,5,Hot-Spot,174,True,37,20,0.5405405405405406
resnet18_transfer,6,Hot-Spot-Multi,172,True,37,13,0.35135135135135137
resnet18_transfer,7,No-Anomaly,7000,False,1500,423,0.282
resnet18_transfer,8,Offline-Module,577,True,123,72,0.5853658536585366
resnet18_transfer,9,Shadowing,739,False,159,67,0.42138364779874216
resnet18_transfer,10,Soiling,143,True,30,19,0.6333333333333333
resnet18_transfer,11,Vegetation,1147,False,246,92,0.37398373983739835
efficientnet_b0_transfer,0,Cell,1313,False,282,159,0.5638297872340425
efficientnet_b0_transfer,1,Cell-Multi,900,False,193,137,0.7098445595854922
efficientnet_b0_transfer,2,Cracking,656,True,140,45,0.32142857142857145
efficientnet_b0_transfer,3,Diode,1049,False,225,47,0.2088888888888889
efficientnet_b0_transfer,4,Diode-Multi,122,True,27,9,0.3333333333333333
efficientnet_b0_transfer,5,Hot-Spot,174,True,37,13,0.35135135135135137
efficientnet_b0_transfer,6,Hot-Spot-Multi,172,True,37,16,0.43243243243243246
efficientnet_b0_transfer,7,No-Anomaly,7000,False,1500,456,0.304
efficientnet_b0_transfer,8,Offline-Module,577,True,123,47,0.3821138211382114
efficientnet_b0_transfer,9,Shadowing,739,False,159,64,0.4025157232704403
efficientnet_b0_transfer,10,Soiling,143,True,30,16,0.5333333333333333
efficientnet_b0_transfer,11,Vegetation,1147,False,246,106,0.43089430894308944
